fold num,imgid,label,feature1,feature2,feature3
1,00031d74-076e-4aef-b040-e068cd3576eb___R.S_HL 8315 copy 2_final_masked.jpg,0,112,0,539.4112492
2,00075aa8-d81a-4184-8541-b692b78d398a___FREC_Scab 3335_final_masked.jpg,0,187.5,0,1484.746378
3,0008f3d3-2f85-4973-be9a-1b520b8b59fc___JR_HL 4092_final_masked.jpg,0,172,0,1422.077332
4,00090b0f-c140-4e77-8d20-d39f67b75fcc___FAM_B.Rot 0376_final_masked.jpg,1,135.5,20.5,1050.531087
5,00120a18-ff90-46e4-92fb-2b7a10345bd3___RS_GLSp 9357_final_masked.jpg,1,47,43,468.4751766
6,002efba9-09b3-43de-93b7-5c2460185cde___JR_HL 9655_final_masked.jpg,0,201,0,1406.361602
7,003d09ef-e16c-4e8a-badf-847d46cb3dc0___FAM_B.Rot 3184_final_masked.jpg,1,244,0,1614.670258
8,004175d8-dc74-4285-8401-3cc9565730bb___FAM_B.Rot 0626_final_masked.jpg,0,165,0,1183.827551
9,0048afb8-b950-4c57-9e72-7e26282327ee___JR_HL 9765_final_masked.jpg,0,207.5,0,1397.574805
10,005318c8-a5fa-4420-843b-23bdda7322c2___RS_NLB 3853 copy_final_masked.jpg,1,23114,6651.5,521.7716399
11,0055dd26-23a7-4415-ac61-e0b44ebfaf80___RS_HL 5672_final_masked.jpg,0,129,0,855.1757488
12,005f183c-0a73-4738-91f7-c0a0e02cd9e3___JR_HL 9679_final_masked.jpg,0,127,0,774.8914781
13,006efc68-9e46-4168-921c-10ef8065702c___FAM_B.Rot 3470_final_masked.jpg,0,24193,0,776.3229365
14,0075b632-2e34-4e4f-9697-fe2b332b7ef8___FAM_B.Msls 4399_final_masked.jpg,1,11115,1458.5,617.5706295
15,0079c731-80f5-4fea-b6a2-4ff23a7ce139___RS_NLB 4121_final_masked.jpg,1,52,0,388.4751766
16,007f6e89-3e7c-4e6a-8ef6-8058c7133799___RS_Rust 1933_final_masked.jpg,0,90.5,0,839.2518688
17,0086a8c7-1440-423e-939d-d0567b1fc4e4___JR_HL 4277_final_masked.jpg,0,103.5,0,979.2762541
18,008c85d0-a954-4127-bd26-861dc8a1e6ff___RS_HL 2431_final_masked.jpg,0,10742.5,0,499.9137753
19,008d9af0-7568-4a67-bb1a-0e915836ddc0___RS_NLB 4165 copy 2_final_masked.jpg,1,105,62.5,629.8965304
20,00905d40-bddf-460e-b348-1dbb6a34653b___FAM_B.Rot 0664_final_masked.jpg,1,20843,679.5,1002.146311
21,00907d8b-6ae6-4306-bfd7-d54471981a86___RS_HL 5709_final_masked.jpg,0,160,0,1310.597103
22,0090d05d-d797-4c99-abd4-3b9cb323a5fd___JR_FrgE.S 8727_final_masked.jpg,0,144,0.5,1887.27329
23,0093ee81-2439-414c-bfb5-a5b6cd6aea72___FAM_B.Rot 3429_final_masked.jpg,0,140,0,1254.312832
24,0098dbd9-286a-4d6a-bf4b-5459d66f88c0___RS_HL 5776_final_masked.jpg,0,69,0,633.3868639
25,00a14441-7a62-4034-bc40-b196aeab2785___RS_NLB 3932_final_masked.jpg,1,9516,57,426.8183224
26,00a20f6f-e8bd-4453-9e25-36ea70feb626___RS_GLSp 4655_final_masked.jpg,1,20679,671,526.8427076
27,00a55069-3fa3-405b-8d87-4d3408a6ed98___RS_NLB 3645_final_masked.jpg,1,57.5,0,436.7178172
28,00a6039c-e425-4f7d-81b1-d6b0e668517e___RS_HL 7669_final_masked.jpg,0,178,0,1328.479352
29,00a8e886-d172-4261-85e2-780b3c50ad4d___JR_HL 4156_final_masked.jpg,0,93,0,708.8670928
30,00ab8410-2b0e-4877-b947-cc3889be8d79___RS_Rust 2562_final_masked.jpg,1,75,36.5,604.984843
31,00b29f2a-2ee9-4461-a97e-1d8bdf5a1d3e___RS_Rust 1566_final_masked.jpg,1,146,0,631.3767593
32,00b65fe8-cee1-4b68-8ef4-1211814f2845___FAM_B.Msls 3990_final_masked.jpg,0,172.5,0,1276.579858
33,00c247e8-48d2-4a56-a9f3-4eacfb4d85be___FAM_B.Msls 4197_final_masked.jpg,1,90.5,26,648.6833273
34,00cab05d-e87b-4cf6-87d8-284f3ec99626___FAM_B.Rot 3244_final_masked.jpg,1,35,3,405.3624787
35,00cbdbc2-0bef-477e-999f-20e0f36a2cf6___RS_Rust 2725_final_masked.jpg,1,44408,1404.5,822.2569212
36,00cff577-afd4-4e36-ac9c-a52aa6ae5949___FAM_B.Rot 0508_final_masked.jpg,1,22625,3.5,769.2102387
37,00e00912-bf75-4cf8-8b7d-ad64b73bea5f___Mt.N.V_HL 6067_final_masked.jpg,0,220,0,1764.042842
38,00e909aa-e3ae-4558-9961-336bb0f35db3___JR_FrgE.S 8593_final_masked.jpg,1,43824,204,1576.538228
39,00fca0da-2db3-481b-b98a-9b67bb7b105c___RS_HL 7708_final_masked.jpg,0,159,0,1283.366655
40,00fee259-67b7-4dd7-8b36-12503bbdba14___RS_HL 2681_final_masked.jpg,0,109,0,1167.401145
41,010125c0-e6f2-4f3d-b469-dd98ffecbb01___RS_HL 7948_final_masked.jpg,0,20049.5,0,701.3107439
42,011405e4-a92a-44b6-9f04-10fec28d93f5___RS_HL 2311_final_masked.jpg,0,111.5,0,1029.70266
43,01162551-b800-4df8-ac46-64d17d6ac5bf___FAM_B.Msls 1153_final_masked.jpg,1,23976,734,1084.472212
44,0118e276-ee7b-4fed-961d-057590ae9f7f___RS_NLB 4666 copy 2_final_masked.jpg,1,32208,1761.5,543.5361396
45,011b766d-7744-420d-a1a1-57bdff9b4ddd___RS_NLB 4128_final_masked.jpg,1,22509,2689.5,561.6955199
46,011bb69d-fb9c-4fb9-b8cc-031e91270ec2___FAM_B.Msls 4288_final_masked.jpg,1,15824,1517.5,684.139171
47,011cb947-31f6-4231-aade-c35f434d0218___RS_Rust 2292_final_masked.jpg,1,19908,6009.5,492.5584369
48,011d02f3-5c3c-4484-a384-b1a0a0dbdec1___RS_HL 7544_final_masked.jpg,0,140,0,1409.283394
49,011f07d1-8813-4a63-99c7-e274ab5cc261___JR_HL 4165_final_masked.jpg,0,163,0,1096.111821
50,011f307f-e06b-4604-9419-d940f7b00290___FAM_B.Msls 1096_final_masked.jpg,1,81.5,71,606.7422024
51,012658ed-f0a3-4791-a996-7115dd1e6e3b___FAM_B.Rot 3036_final_masked.jpg,0,94.5,0,524.1980461
52,013b7c70-5e3b-42b7-86af-167815a5b04f___RS_HL 7480_final_masked.jpg,0,37170,485,1423.065139
53,013ffdc5-cbd1-4202-b0f1-8fd7c1ffc0b8___RS_HL 5120_final_masked.jpg,0,18682,0,560.7838326
54,0140764c-6157-4995-9ada-9c10b81af3b8___RS_GLSp 4378_final_masked.jpg,1,322,110.5,57.59797907
55,014161fb-3c15-414b-9af3-00cb51a11d7c___JR_HL 9842_final_masked.jpg,0,197,0,1318.219467
56,0163a6aa-fbf8-47c5-965f-59b6efe8bfe5___Mt.N.V_HL 6103_final_masked.jpg,0,25949,0,769.2102387
57,017268b1-c25c-4299-a566-1b7ba3f1591e___FAM_B.Rot 3014_final_masked.jpg,1,150,74,1080.999124
58,017fd21b-142f-4988-849a-5fd316ea9a1b___RS_HL 6279_final_masked.jpg,0,143,0,1057.401145
59,0181db4e-718e-41bc-b6ed-92863471fa85___RS_HL 5941_final_masked.jpg,0,151.5,0,809.5605248
60,01958ee7-f585-4956-90aa-a40dc79102d4___JR_HL 9836_final_masked.jpg,0,135.5,0,910.8742331
61,0199a733-6d3f-4e66-a903-2d1d34457871___JR_FrgE.S 3079_final_masked.jpg,1,94.5,33.5,596.7422024
62,0199bffc-baee-499f-8e03-5dadb8b671be___RS_HL 8042_final_masked.jpg,0,41586,312.5,1460.077332
63,019afd88-6645-44c4-a5d2-bd583b877a50___FAM_B.Msls 1744_final_masked.jpg,1,6942,116.5,466.5168067
64,019e3ef7-aae4-4fd3-b95f-b4e914df7a39___RS_NLB 4284_final_masked.jpg,1,4900,415.5,379.4802289
65,01a66316-0e98-4d3b-a56f-d78752cd043f___FREC_Scab 3003_final_masked.jpg,0,138,0,1158.999124
66,01b32971-5125-4982-98e2-22daa9ae864a___RS_HL 7977_final_masked.jpg,0,130.5,0,763.9625458
67,01b9df41-d0c6-4935-8005-c3895071da5c___RS_Rust 1644_final_masked.jpg,1,29252,3709,594.7422024
68,1 (1).jpg,0,71.5,0,634.7422024
69,1 (10).jpg,0,72,0,757.9554055
70,1 (100).jpg,0,179,32.5,1307.650925
71,1 (1000).jpg,1,36120,354.5,1758.996159
72,1 (10000).jpg,1,30525,230,835.3523741
73,1 (10001).jpg,0,80.5,0,351.1442233
74,1 (10002).jpg,0,143.5,0,1021.643785
75,1 (10003).jpg,0,15323.5,0,609.6295046
76,1 (10004).jpg,0,11038.5,0,443.830515
77,1 (10005).jpg,1,21411,11991.5,619.002088
78,1 (10006).jpg,1,89,0,453.1858535
79,1 (10007).jpg,0,61,0,434.4163015
80,1 (10008).jpg,0,109.5,99.5,1034.104681
81,1 (10009).jpg,0,144.5,12,1120.898618
82,1 (1001).jpg,0,13334.5,0,515.830515
83,1 (10010).jpg,1,142,0,1240.940248
84,1 (10011).jpg,0,200,0,1427.817446
85,1 (10012).jpg,0,149,0,1011.827551
86,1 (10013).jpg,1,25,0,485.906635
87,1 (10014).jpg,1,30504,948.5,1262.153452
88,1 (10015).jpg,0,152,0,1050.655978
89,1 (10016).jpg,1,23701,335,885.0336134
90,1 (10017).jpg,1,23.5,0,240.8944424
91,1 (10018).jpg,1,13908,199.5,518.9432129
92,1 (10019).jpg,1,137,0,1015.74429
93,1 (1002).jpg,0,236.5,0,1349.658066
94,1 (10020).jpg,0,11,0,298.7106769
95,1 (10021).jpg,0,8052,62,600.1147858
96,1 (10022).jpg,0,127,0,1250.170696
97,1 (10023).jpg,0,89.5,0,323.2863587
98,1 (10024).jpg,0,166.5,0,1365.834691
99,1 (10025).jpg,0,185.5,0,914.7320977
100,1 (10026).jpg,1,24642,409.5,987.6610301
101,1 (10027).jpg,1,28182,6847,742.4650719
102,1 (10028).jpg,0,96.5,0,640.7665876
103,1 (10029).jpg,0,203.5,0,1299.491545
104,1 (1003).jpg,1,198,1.5,1399.190029
105,1 (10030).jpg,1,23288,539.5,1169.761535
106,1 (10031).jpg,0,12,0,102.2253957
107,1 (10032).jpg,0,22854,3.5,764.9503531
108,1 (10033).jpg,0,204,0,1551.047894
109,1 (10034).jpg,0,131,0,1187.484405
110,1 (10035).jpg,0,168,0,1278.136207
111,1 (10036).jpg,0,162,0,1323.023509
112,1 (10037).jpg,1,4320,995,545.830515
113,1 (10038).jpg,0,201.5,0,1608.001212
114,1 (10039).jpg,0,151.5,0,773.217379
115,1 (1004).jpg,1,24136.5,4,883.4772645
116,1 (10040).jpg,1,14022,563.5,637.2691138
117,1 (10041).jpg,1,19460,104.5,760.6833273
118,1 (10042).jpg,0,23.5,0,356.1492757
119,1 (10043).jpg,1,299,1,746.4406867
120,1 (10044).jpg,0,146.5,0,1407.182889
121,1 (10045).jpg,0,100,0,544.2396762
122,1 (10046).jpg,1,20313,194.5,463.3279889
123,1 (10047).jpg,0,166.5,0,965.7270454
124,1 (10048).jpg,1,37848,598.5,1614.923004
125,1 (10049).jpg,1,43172,320,1016.229572
126,1 (1005).jpg,1,45925,4074,890.1564159
127,1 (10050).jpg,1,40913,732.5,1576.018456
128,1 (10051).jpg,1,17934,5430.5,495.002088
129,1 (10052).jpg,0,83,0,288.7594473
130,1 (10053).jpg,0,16403,0,716.2396762
131,1 (10054).jpg,1,17751,309.5,450.5584369
132,1 (10055).jpg,1,36.5,0,326.4924215
133,1 (10056).jpg,0,163.5,74,1347.207274
134,1 (10057).jpg,0,137.5,0,975.3595144
135,1 (10058).jpg,0,176,0,1419.935196
136,1 (10059).jpg,0,199.5,0,1364.403232
137,1 (1006).jpg,1,29280,4977.5,515.0508584
138,1 (10060).jpg,0,150.5,0,936.3300768
139,1 (10061).jpg,1,147.5,0,1223.241764
140,1 (10062).jpg,1,9333,259.5,432.4335464
141,1 (10063).jpg,0,157.5,0,1142.898618
142,1 (10064).jpg,1,156,10,1379.768676
143,1 (10065).jpg,0,247,0,1563.013404
144,1 (10066).jpg,1,41067,371,1329.408285
145,1 (10067).jpg,1,4209,28.5,392.1665206
146,1 (10068).jpg,1,36267,317.5,2002.677399
147,1 (10069).jpg,0,15274,0,701.0092282
148,1 (1007).jpg,1,48048,4403.5,1042.146311
149,1 (10070).jpg,1,210,105,1610.302727
150,1 (10071).jpg,1,37840,287,1067.518895
151,1 (10072).jpg,1,97.5,2.5,531.5117544
152,1 (10073).jpg,0,12625.5,3,491.4873692
153,1 (10074).jpg,0,20234.5,0,564.6833273
154,1 (10075).jpg,0,17410.5,0,1014.070191
155,1 (10076).jpg,0,180.5,0,1402.520983
156,1 (10077).jpg,0,165.5,0,1356.378847
157,1 (10078).jpg,1,9840,850,626.5411919
158,1 (1).jpg,1,71.5,0,634.7422024
159,1 (10).jpg,0,72,0,757.9554055
160,1 (100).jpg,0,179,32.5,1307.650925
161,1 (1000).jpg,1,36120,354.5,1758.996159
162,1 (10000).jpg,1,30525,230,835.3523741
163,1 (10001).jpg,0,80.5,0,351.1442233
164,1 (10002).jpg,0,143.5,0,1021.643785
165,1 (10003).jpg,0,15323.5,0,609.6295046
166,1 (10004).jpg,0,11038.5,0,443.830515
167,1 (10005).jpg,1,21411,11991.5,619.002088
168,1 (10006).jpg,1,89,0,453.1858535
169,1 (10007).jpg,0,61,0,434.4163015
170,1 (10008).jpg,1,109.5,99.5,1034.104681
171,1 (10009).jpg,0,144.5,12,1120.898618
172,1 (1001).jpg,0,13334.5,0,515.830515
173,1 (10010).jpg,1,142,0,1240.940248
174,1 (10011).jpg,0,200,0,1427.817446
175,1 (10012).jpg,0,149,0,1011.827551
176,1 (1001).jpg,0,13334.5,0,515.830515
177,1 (1002).jpg,0,236.5,0,1349.658066
178,1 (1003).jpg,1,198,1.5,1399.190029
179,1 (1004).jpg,1,24136.5,4,883.4772645
180,1 (1005).jpg,1,45925,4074,890.1564159
181,1 (1006).jpg,1,29280,4977.5,515.0508584
182,1 (1007).jpg,1,48048,4403.5,1042.146311
183,0003faa8-4b27-4c65-bf42-6d9e352ca1a5___RS_Late.B 4946_final_masked.jpg,1,15120,1117,949.3767593
184,00355ec2-f12c-4015-b8f9-94354f69ce22___RS_Late.B 5311_final_masked.jpg,1,26500,653,828.447827
185,005a2c1f-4e15-49e4-9e5c-61dc3ecf9708___RS_Late.B 5096_final_masked.jpg,1,192.5,0,1559.775816
186,005e3b43-9050-47da-9498-f9ecdcc703b3___RS_Late.B 5104_final_masked.jpg,1,72.5,0,657.0853482
187,008ebb44-eb77-4843-b621-4b88b5df7d43___RS_Late.B 5188_final_masked.jpg,1,24310,15056,796.523947
188,00ce4c63-9913-4b16-898c-29f99acf0dc3___RS_Late.B 4982_final_masked.jpg,1,18777.5,59,844.0802959
189,013f987a-9371-4763-a104-ea6f326e584b___GHLB2 Leaf 8556_final_masked.jpg,1,108,0,941.5777698
190,01425d17-4c97-46e3-b395-c1453b78ab78___GHLB2 Leaf 9100_final_masked.jpg,1,73.5,0,733.9970356
191,014d4972-1301-46d3-afc4-56470b774137___GHLB2 Leaf 8831_final_masked.jpg,1,93.5,0,728.139171
192,014eee0c-8000-4762-b4b8-63ecc2fadc13___GHLB2ES Leaf 69.1_final_masked.jpg,1,115,0,1224.146311
193,01527fac-41e4-484c-af41-1ed7bc3b5ce6___RS_Late.B 6134_final_masked.jpg,1,33115,538.5,1462.989019
194,0172b2ff-6f6f-43e1-9a63-ea4bb2bce450___GHLB_PS Leaf 17 Day 9_final_masked.jpg,1,114,0,875.7199051
195,017a9839-6097-45aa-85b0-3051db151484___RS_Late.B 5125_final_masked.jpg,1,37180,760.5,1119.57777
196,01a68044-9c5b-4658-a944-6108c6862ce7___GHLB Leaf 2.1 Day 16_final_masked.jpg,1,108,0,792.6072073
197,01c391d2-1b3a-4b58-b205-a75674bba6e9___GHLB2 Leaf 8824_final_masked.jpg,1,98,0,822.1219261
198,01cd2d73-c741-45a5-9610-a2cea2266b80___GHLB2 Leaf 121_final_masked.jpg,1,26522,2804.5,794.7909728
199,01d9be0b-c5e7-49db-8cdf-46bd0ef2c6e7___RS_Late.B 7066_final_masked.jpg,1,26814,8942,998.6072073
200,01ebf21e-ef94-4c92-b007-0b26741c2fc8___GHLB2 Leaf 9075_final_masked.jpg,1,81.5,0,901.3107439
201,01ece5a1-8398-4e68-a9e3-198c57b51b01___GHLB2 Leaf 8757_final_masked.jpg,1,79,0,642.0975409
202,021a9808-21f7-464a-8df2-2eda5ed98eda___RS_Late.B 5356_final_masked.jpg,1,75,0,617.9554055
203,021ca736-df21-458a-9010-fab4803f08fe___RS_Late.B 7010_final_masked.jpg,1,26901,144,695.1858535
204,0220afd9-d40e-4b72-8405-78b417c7b8af___GHLB2 Leaf 8987_final_masked.jpg,1,110,0,471.3868639
205,023315df-8824-4760-9480-4dca3a023931___GHLB2 Leaf 8719_final_masked.jpg,1,11049.5,0,431.2030984
206,024dc5bb-7990-4256-b2b4-a8495b71cbd4___RS_Late.B 6064_final_masked.jpg,1,34.5,0,277.3208486
207,02790384-a589-421b-8695-693e77970418___GHLB2 Leaf 8920_final_masked.jpg,1,176,22,1323.30778
208,02a3e0cd-04da-4e08-b929-167bcb7f46f4___GHLB2 Leaf 8731_final_masked.jpg,1,115,0,731.6366448
209,02effbf1-e958-4531-a19b-f8be754d2805___RS_Late.B 5206_final_masked.jpg,1,58.5,0,606.4579316
210,02fe963e-7c68-4fd3-9f8f-36bf9e153c20___GHLB2 Leaf 8581_final_masked.jpg,1,146,0,1014.229572
211,031ab3ab-02f4-4397-9886-54345461580d___RS_Late.B 6654_final_masked.jpg,1,22538,7475.5,594.6833273
212,0334d40b-d880-442f-a7db-e5c85a2e0bed___RS_Late.B 6367_final_masked.jpg,1,10602,4486,502.0315255
213,037c55c7-6e33-4b8d-af05-4d555f4e658e___GHLB_PS Leaf 42.1 Day 18_final_masked.jpg,1,138,0,1427.74429
214,039e5d57-64e2-41de-8ccf-e44598bcedb0___RS_Late.B 6883_final_masked.jpg,1,34776,422.5,2002.660154
215,03a0f11e-9d47-49c4-ba45-773b8aa9f2e1___GHLB2 Leaf 8767_final_masked.jpg,1,114,0,1027.862041
216,03a15d38-e1b5-4586-b763-2bad2d268290___RS_Late.B 5207_final_masked.jpg,1,147.5,0,1292.070191
217,03ccfc6a-8142-4f46-8eb5-f7fc77978081___RS_Late.B 4916_final_masked.jpg,1,33345,974.5,1266.077332
218,03d8267a-c675-439f-9b98-a9c7653dd05e___GHLB2 Leaf 8558_final_masked.jpg,1,131.5,0,1079.016369
219,03e8a2f9-6a7e-43dd-8a1b-3eb7cf99b89b___RS_Late.B 5034_final_masked.jpg,1,51.5,5.5,507.3452338
220,03f008be-5b97-4827-a2e2-88136b3c8714___RS_Late.B 6290_final_masked.jpg,1,38500,4572,821.3940042
221,0406a9d1-1b4e-42e2-814b-e03e525a51b2___RS_Late.B 5224_final_masked.jpg,1,16497,305,954.2051864
222,0418161a-871a-4d36-b988-c95f89e0feaf___RS_Late.B 7063_final_masked.jpg,1,28420,8194.5,999.7270454
223,04540250-4926-47a6-9240-e047a04befc5___GHLB2 Leaf 9019_final_masked.jpg,1,5213.5,0,361.9482652
224,046c65f2-b155-4018-b161-825191c5faaa___RS_Late.B 5042_final_masked.jpg,1,29436,6157.5,1309.006264
225,048eddf2-6142-4031-b23a-654cc3803d01___RS_Late.B 6097_final_masked.jpg,1,48,7.5,527.5878744
226,049dbcab-de65-4f09-9b1b-e59886f56f2e___RS_Late.B 5141_final_masked.jpg,1,45150,1705.5,1580.812394
227,04ba0ca5-c52c-4bab-897b-2d38f7835a03___RS_Late.B 5631_final_masked.jpg,1,26112,3241,939.5777698
228,04d8f472-b6ba-4bf7-82eb-a643937af9aa___GHLB2 Leaf 113.3_final_masked.jpg,1,20.5,0,593.1787132
229,04da342d-5952-4f2f-b19c-14cdc7fcb07b___GHLB2 Leaf 8716_final_masked.jpg,1,40.5,0,684.4579316
230,050ddb3f-1eb7-4905-8fa3-fc537dc50b7a___GHLB2 Leaf 9042_final_masked.jpg,0,9521,0,507.3036036
231,0524e8c4-56d9-41e2-b22d-33f22950ff93___RS_Late.B 5320_final_masked.jpg,1,58,0,901.5533845
232,052ec825-37a3-4467-a5ea-2e0601c29fbd___RS_Late.B 6786_final_masked.jpg,1,42592,3367,1530.378847
233,0566e4e3-675b-4289-9e36-ad199448975b___GHLB2 Leaf 161.2_final_masked.jpg,1,139,0,1610.195082
234,05a34df9-4fc9-460a-b675-3c4a37cfdf4c___GHLB2 Leaf 8917_final_masked.jpg,1,149,27.5,1342.597103
235,05b90bad-941f-499f-a2f6-a88e54c1da85___GHLB2 Leaf 155.2_final_masked.jpg,1,69.5,5.5,460.3157963
236,0605d1be-b99b-408d-bace-e5ba23e72b27___RS_Late.B 5282_final_masked.jpg,1,33582,9027,1747.013404
237,06471eca-3cac-4cc9-afc3-1841af0ba672___GHLB2 Leaf 8893_final_masked.jpg,1,49,0,793.3279889
238,067fa506-1859-485a-9a17-53aaf0e8b1c3___RS_Late.B 6641_final_masked.jpg,1,15066,10317.5,906.3645667
239,06913075-dad1-4047-b5a2-74fe680efa3b___RS_Late.B 6048_final_masked.jpg,1,23828,2431,1277.50879
240,06a7cfd9-0992-4020-8a11-79249d657c0c___GHLB2 Leaf 131_final_masked.jpg,1,33652,7499,833.9625458
241,06b911b8-1375-4da1-929c-2294c4051ece___GHLB2 Leaf 8883_final_masked.jpg,1,104,0,904.5483322
242,06f654df-cf43-4fd6-b30f-78425136bc35___GHLB2 Leaf 86.2_final_masked.jpg,1,42423,3481.5,1968.711888
243,06f7c4e6-abd5-4399-9083-ed241a9c4bab___RS_Late.B 5407_final_masked.jpg,0,38,0,477.6467495
244,0736fe9f-bd15-4a85-ab6e-2b570b10f377___GHLB2 Leaf 64.1_final_masked.jpg,0,68.5,0,868.3401815
245,07672c2f-860a-455f-9fa4-f761f4bc090e___RS_Late.B 5017_final_masked.jpg,0,124,0,828.2051864
246,076b2ce4-1c8f-42a6-9f7d-b0be9c0a01cd___RS_Late.B 5108_final_masked.jpg,1,21971,2233,983.3178842
247,07897854-c2ab-465b-8cf7-a134b6066a1c___GHLB Leaf 1.1 Day 6_final_masked.jpg,0,102,0,716.6660824
248,078a999d-6e6f-427e-a1e6-80b4d2df2bae___GHLB2 Leaf 9029_final_masked.jpg,1,97.5,0,810.908723
249,079f7695-a60e-4a35-a1f3-fbe71cf19126___GHLB2 Leaf 8783_final_masked.jpg,1,8540,0.5,505.0437181
250,07b42bb5-9f6c-43bc-9bbe-e4b127d84cb6___GHLB Leaf 18.1 Day 8_final_masked.jpg,1,11470,2693,524.0315255
251,07c7f8bf-5f9c-4b94-bea8-c549866e206e___GHLB2 Leaf 101.2_final_masked.jpg,1,10720,3646,690.600067
252,07cca2ca-6b0f-4322-8779-beb94bc219b0___RS_Late.B 6037_final_masked.jpg,1,11837,452.5,691.9797907
253,07d7ad48-0740-4cf5-9a26-91fd9296d6b3___RS_Late.B 5464_final_masked.jpg,1,10350,774.5,744.8670928
254,07eb29e8-112d-4bcb-8b65-aba4b4307f2a___RS_Late.B 6907_final_masked.jpg,1,15648,585,876.8082178
255,081d1e25-3f06-46a1-95ef-d10a62faa80f___GHLB2 Leaf 8600_final_masked.jpg,1,81,0,959.6955199
256,083bd43d-7dcb-4f3c-a0ca-6de1f468c9ef___RS_Late.B 5173_final_masked.jpg,1,68,0,811.754395
257,08593ca1-a595-44d1-8052-3d1430f305d3___GHLB2 Leaf 8579_final_masked.jpg,0,76,0,474.3574264
258,08816f81-65f4-4372-84e8-d27b67a193d5___GHLB2 Leaf 152_final_masked.jpg,0,220,0,1883.2388
259,08931b78-a571-41bf-b5b4-6904ffbbe8b7___GHLB Leaf 1.1 Day 12_final_masked.jpg,1,89.5,8.5,708.8254627
260,0893ac69-4004-4577-b4aa-496983116208___GHLB2 Leaf 8738_final_masked.jpg,1,10192,118.5,683.9797907
261,08a723e4-6b51-4395-8013-b1f3f03709b8___GHLB2 Leaf 8967_final_masked.jpg,0,83.5,0,498.3157963
262,08a94695-4566-49aa-84df-91980c3534a2___RS_Late.B 5396_final_masked.jpg,0,67,0,738.984843
263,08c1db4d-e947-4499-beff-ed2d8025d725___RS_Late.B 6113_final_masked.jpg,1,22262,113,726.3574264
264,08f6ed0a-4cd0-4bd3-8983-469002cad2d9___GHLB2 Leaf 9078_final_masked.jpg,1,126,0,1256.513842
265,0920260a-69be-47bb-bb71-8a2c2cab149b___GHLB2 Leaf 88.1_final_masked.jpg,1,40633,553,1407.976826
266,0931f7e6-8481-4d03-8fe6-d4ae7637142d___RS_Late.B 4917_final_masked.jpg,1,40180,631,1254.999124
267,09590524-981f-4dc5-b6e3-5225a0c48019___GHLB2ES Leaf 140_final_masked.jpg,0,168,0,1505.165644
268,098502fa-e07f-4d89-8279-adf307800887___GHLB2 Leaf 8980_final_masked.jpg,1,18582,1660.5,1097.376759
269,098f19fb-1064-4c96-9498-70adcd29f5ae___GHLB2 Leaf 8973_final_masked.jpg,1,17812,4408.5,1227.418389
270,0990b491-dd31-4b62-aa5a-c7bce97d552c___RS_Late.B 5558_final_masked.jpg,1,24366,1946,1529.63368
271,09cdb8a4-0c20-4acd-b4c8-709fad7010fd___GHLB_PS Leaf 37 Day 16_final_masked.jpg,1,99,0,1014.406197
272,09d2deda-7403-489f-b723-5ae5e00e2311___GHLB2 Leaf 8756_final_masked.jpg,1,106,0,841.4356344
273,09e2fe63-c535-4986-a697-ed275752dc75___GHLB2 Leaf 9030_final_masked.jpg,1,11274,0,618.3574264
274,0a39aa48-3f94-4696-9e43-ff4a93529dc3___RS_Late.B 5103_final_masked.jpg,1,156,0,1179.969686
275,0a3f65fc-ef1c-4aed-b235-46bae4e5c0e7___GHLB2 Leaf 9065_final_masked.jpg,1,94,0,734.8670928
276,0a4b3cde-c83a-4c83-b037-010369738152___RS_Late.B 6985_final_masked.jpg,1,24486,8566.5,966.1219261
277,0a6203b9-ced0-4934-ae23-4a7d2e2e2fdd___RS_Late.B 6424_final_masked.jpg,1,42168,4462,1732.711888
278,0a8967d4-bb72-4fe4-8096-55fc57437557___RS_Late.B 6974_final_masked.jpg,1,59.5,0,638.8010775
279,0ab172fa-ac7b-4a3e-90c8-0708703eb3bb___RS_Late.B 5572_final_masked.jpg,1,21594,351.5,864.6660824
280,0ab1cab4-a0c9-4323-9a64-cdafa4342a9b___GHLB2 Leaf 8918_final_masked.jpg,1,142.5,0,993.1585039
281,0ab391bd-e5ba-479c-919b-3aa9a94f66db___GHLB2 Leaf 8934_final_masked.jpg,1,7760,0,421.9310203
282,0ac3df5b-d713-42ef-b0ad-20b5410237ad___RS_Late.B 4969_final_masked.jpg,1,21060,128,927.0924885
283,0b137624-885b-4d9b-b9e6-330c6681de4b___GHLB2 Leaf 8848_final_masked.jpg,1,143,0,1228.572717
284,0b33d7a7-d017-4857-845a-874a004ccd26___RS_Late.B 4970_final_masked.jpg,1,15000,1960.5,524.8599526
285,0b3c7107-cef9-455e-8fa0-30039b9fc206___RS_Late.B 5038_final_masked.jpg,1,128.5,0,708.1635562
286,0b52ebed-e711-41f2-bfd1-af73410b370e___RS_Late.B 5463_final_masked.jpg,1,82.5,0,641.0264732
287,0b6caac4-cc62-4c46-9de4-1815a0aa6dbe___GHLB2 Leaf 8799_final_masked.jpg,1,6688,1470,400.9604578
288,0ba7d3d8-5c4c-4365-ba0c-69f61e96a36e___RS_Late.B 5312_final_masked.jpg,1,26827,608.5,1179.283394
289,0c192fbe-38eb-4abb-a858-8bc39942a3ef___RS_Late.B 6076_final_masked.jpg,1,29746,120,1066.933108
290,0c47de5b-adbe-479f-8ccf-5b8c530c32f8___RS_Late.B 6312_final_masked.jpg,1,2880,1864.5,349.8061298
291,0c73c79f-a384-4729-83c7-72c9b04da20c___GHLB2 Leaf 8927_final_masked.jpg,1,262.5,0,1451.182889
292,0c9ff8e1-b610-43e3-b914-5e9576dd8083___GHLB2 Leaf 107.1_final_masked.jpg,1,31892,533,1643.46716
293,0cc44f97-c421-4824-92a9-c9a18b005d1d___GHLB2 Leaf 8540_final_masked.jpg,1,94.5,0,722.4234418
294,0ccaeb36-37ff-4328-91c8-99aabd68f442___RS_Late.B 6596_final_masked.jpg,1,31086,3042,575.5117544
295,0cdd34fe-e8f2-41a7-b634-475338233f87___GHLB2 Leaf 8801_final_masked.jpg,1,42,2,489.6467495
296,0d7a68e9-3df0-4ef8-88f7-c0a202725c5d___RS_Late.B 6787_final_masked.jpg,1,8614,1455.5,498.9432129
297,0d7b0e84-1c99-4699-84ed-ca86aec642e5___GHLB2 Leaf 8652_final_masked.jpg,0,10297.5,0,441.8893901
298,0d98a9eb-18e7-47e7-9010-196189bae113___RS_Late.B 5047_final_masked.jpg,0,80,59,806.3818116
299,0da23640-656e-4f03-be14-4b4b36811861___GHLB2 Leaf 9072_final_masked.jpg,0,128,0,1658.739238
300,0da53824-7b3b-43a9-9b34-146a7f71ef7e___RS_Late.B 6958_final_masked.jpg,1,37310,2381,951.6193999
301,0db85707-41f9-42df-ba3b-842d14f00a68___GHLB2 Leaf 8909_final_masked.jpg,1,9145.5,0,461.9726504
302,0dc24e61-c636-49e4-9a3d-3aa9a0efb429___GHLB2ES Leaf 69_final_masked.jpg,1,41,0,307.906635
303,0dd9d965-d68a-4e47-ba02-ebcadf13c7ae___GHLB2 Leaf 78.1_final_masked.jpg,1,37840,7171.5,1089.685415
304,0e244a32-08cd-471c-90dd-141c354c20b3___GHLB2 Leaf 8634_final_masked.jpg,1,199,0,1653.4743
305,0e451078-be73-4e6b-b329-a7b0fa1f152b___GHLB2 Leaf 8612_final_masked.jpg,1,172,0,1505.39104
306,0e669afb-1315-4903-b7ca-1a0ffa95d454___RS_Late.B 5626_final_masked.jpg,1,20735,2168.5,756.0975409
307,0ead4ae7-b14a-4f00-862b-f8ca126136ec___GHLB2 Leaf 89.2_final_masked.jpg,1,13158,283,472.1147858
308,0ed7d5f6-9394-4ae7-87db-3de58f469263___GHLB2 Leaf 8732_final_masked.jpg,0,111.5,0,667.1097335
309,0f575c94-5c7d-4058-9e65-9046572f9370___GHLB2 Leaf 8956_final_masked.jpg,0,121,0,826.7493427
310,0f67214c-eede-4292-b731-30ef1c47b7b6___RS_Late.B 4902_final_masked.jpg,1,44200,3692.5,1408.337217
311,0f8887d8-24b4-4f25-bc03-d47421ab47f7___RS_Late.B 4948_final_masked.jpg,1,22341.5,2.5,802.4234418
312,0fa1b773-fe9f-4440-ab2a-cfbc39c9cd2b___RS_Late.B 6230_final_masked.jpg,1,8832,348.5,475.9310203
313,0fca6d09-1931-4767-a195-1dd2b7cd10b7___GHLB Leaf 8 Day 12_final_masked.jpg,1,34,0,379.2203434
314,0fd882fa-471d-4bcc-ab2b-efdfaf904bc3___GHLB2 Leaf 8915_final_masked.jpg,1,70.5,5.5,618.2569212
315,10019e40-277e-4d69-8dee-8c034a3752a1___GHLB2ES Leaf 62_final_masked.jpg,0,74,0,839.8965304
316,10020ad2-c9bc-448b-a2de-7a8d34796f96___GHLB_PS Leaf 2.1 Day 13_final_masked.jpg,0,70.5,0,424.1736609
317,100a5029-a6c0-4a07-a40a-f27d6d44cdc9___GHLB2 Leaf 9002_final_masked.jpg,0,215.5,0,1440.118962
318,1058d7d2-1b7d-40cc-ab26-95b2da23198b___RS_Late.B 4964_final_masked.jpg,1,6142,2049,627.369619
319,10bdda57-bfe5-4403-a4c6-a1211d4f348e___GHLB_PS Leaf 20 Day 8_final_masked.jpg,0,13440.5,0,627.9137753
320,10d91c8f-6d77-4c15-ad21-459688b52055___GHLB2 Leaf 154.4_final_masked.jpg,1,11330,7225.5,471.6467495
321,10f6247e-c3d0-4f3f-92aa-f1da76db8086___RS_Late.B 5147_final_masked.jpg,1,23275,1575,1344.856988
322,1159051e-1278-4b35-929c-e26b963d048f___GHLB_PS Leaf 8.1 Day 16_final_masked.jpg,1,1957,848.5,269.9655101
323,116c7fc2-8443-40b7-a8c0-9619e3e46f08___GHLB2 Leaf 8797_final_masked.jpg,1,3518,2166.5,372.4751766
324,117a7f38-eaa6-4f88-b892-33e2a66d77d5___RS_Late.B 5129_final_masked.jpg,1,22264,504,938.2884467
325,118be78d-e498-427f-8399-add5e8ab1b15___GHLB2 Leaf 149.3_final_masked.jpg,1,15836,4693,1072.413337
326,11b2caf9-a56c-4d3e-bea4-a5d00affd161___RS_Late.B 6140_final_masked.jpg,1,32763,902,872.063051
327,12044cb0-2591-4696-8a85-3d3f319f4f6a___GHLB2 Leaf 8977_final_masked.jpg,1,12276,991.5,776.2640615
328,121097dd-b0cb-436b-9b2f-7dab30c86872___GHLB_PS Leaf 37.1 Day 13_final_masked.jpg,0,8087.5,0,517.7716399
329,123c4b62-8641-4d88-b8cd-1c2e24a6c3a5___GHLB_PS Leaf 26.2 Day 13_final_masked.jpg,1,134.5,0,979.0752436
330,126e12d3-3d51-4ba6-861f-e6ed09ee951f___GHLB2 Leaf 9021_final_masked.jpg,0,132.5,0,939.6193999
331,12c80d02-59c6-4db4-a96e-b28c3fdaf3c2___GHLB_PS Leaf 1.2 Day 9_final_masked.jpg,1,31,2,946.3919163
332,12d62ed2-a145-4400-824d-3e4d5f64418a___RS_Late.B 6586_final_masked.jpg,1,14964,1077,751.9381605
333,1329e768-8331-4853-8d35-c03f5586c645___GHLB2 Leaf 8867_final_masked.jpg,1,9041,0,483.6711347
334,13533985-e30d-4023-8bd3-7a45b07816ca___RS_Late.B 5593_final_masked.jpg,1,4686,5,408.9604578
335,13668efa-2c92-4e5a-94e1-e0bc53aab6c6___RS_Late.B 6962_final_masked.jpg,1,27966,655.5,1077.518895
336,136d79a3-4eea-4415-9f3e-0ccb61d7aeef___RS_Late.B 5216_final_masked.jpg,1,22512,5638,907.1929938
337,13adbb9e-c4e1-46bd-8621-ae351dd464ca___RS_Late.B 6595_final_masked.jpg,1,33408,2764.5,622.3401815
338,14113767-0c24-4607-97bc-04dccb35a23c___GHLB2 Leaf 8966_final_masked.jpg,1,90.5,4.5,996.3645667
339,142fbb48-886a-4b2b-8a2a-52e548e7e2b7___GHLB2 Leaf 117.3_final_masked.jpg,1,22372,3617.5,786.8843378
340,1430346f-f3f2-4766-bd0e-c6f9316851e9___RS_Late.B 6311_final_masked.jpg,1,1898,498.5,336.9360726
341,1449ecb2-0325-49ba-80f1-2040b739fddd___RS_Late.B 7044_final_masked.jpg,1,13114,169.5,819.293499
342,14592b7a-517d-4c17-94d1-9c493e8c4ab5___RS_Late.B 6878_final_masked.jpg,1,15808,1616.5,833.1513636
343,146b33cf-e412-48fd-9366-ad726b51889e___GHLB2 Leaf 157.1_final_masked.jpg,1,11880,1096.5,874.1046811
344,147539f7-632d-42ee-a19a-071b9c7c85f2___RS_Late.B 5140_final_masked.jpg,1,17967,2590.5,827.9797907
345,149b8460-2bf2-409a-ad61-b8f34d33cd82___RS_Late.B 6826_final_masked.jpg,1,2635,1120.5,469.7888849
346,14f55718-8942-41c1-9f1b-f5062aeb0ad8___GHLB2 Leaf 8905_final_masked.jpg,1,7883,0,418.9015827
347,1507883d-7f10-4b69-88d4-db80850b1664___GHLB2 Leaf 154_final_masked.jpg,1,19551,8801,696.2396762
348,1510bf70-ab9e-43df-b5d9-9b5e4352e66b___GHLB2 Leaf 118_final_masked.jpg,1,15301,7360,598.7422024
349,151c010a-021f-459d-a456-63ebaf19b2d5___GHLB2 Leaf 9104_final_masked.jpg,1,10741,0,495.2447286
350,15313d25-7420-46aa-a28d-92e4b631233e___GHLB2 Leaf 8698_final_masked.jpg,1,16680.5,0,848.4823169
351,1546f916-115c-42dc-90c7-ff8d53c4273f___RS_Late.B 4836_final_masked.jpg,1,100,0,887.2346239
352,15581dd8-f562-4301-856c-30be9302c470___GHLB2 Leaf 70.1_final_masked.jpg,1,196.5,1.5,1103.46716
353,157250ce-f291-48ec-9d81-184af5400f90___RS_Late.B 6652_final_masked.jpg,1,11186,4851,501.9310203
354,15e1e8d7-e05a-4dc1-b872-364b15f004f0___RS_Late.B 4873_final_masked.jpg,1,70,0,599.1858535
355,15f05055-2bb1-45f7-8a39-fce071823266___RS_Late.B 6082_final_masked.jpg,1,8037,69,377.5046141
356,16064333-c2da-40e0-9f24-c709191e66b1___RS_Late.B 5421_final_masked.jpg,1,23220,449.5,1047.033613
357,16064ecf-b035-4531-a6c0-d654dfccd6de___GHLB2 Leaf 8570_final_masked.jpg,1,140.5,0,758.447827
358,16257155-3d28-49cd-bb96-c188e946c4ec___RS_Late.B 4935_final_masked.jpg,1,147.5,0,1043.58491
359,1627cb48-dc80-46a1-bda0-b677c32fbf56___RS_Late.B 5066_final_masked.jpg,1,243.5,0,1702.996159
360,16441ce5-dcfa-411c-8029-cef10b3f6474___GHLB2 Leaf 8687_final_masked.jpg,1,72,0,703.9554055
361,16613329-813d-4d3d-9f44-e52c0ad72bb0___RS_Late.B 4980_final_masked.jpg,1,154.5,0,1145.241764
362,16984239-2e67-407e-b600-4a3666500534___RS_Late.B 5182_final_masked.jpg,1,4982,2668,356.6345569
363,16a3a1a3-3e8b-4192-999d-2728df11549d___RS_Late.B 4983_final_masked.jpg,1,59.5,0,580.8010775
364,16ac8a43-f720-4fd9-ac41-016523612f38___RS_Late.B 4898_final_masked.jpg,1,37.5,0,398.5756818
365,16b43113-cc8c-4082-a88f-648b79036e49___GHLB_PS Leaf 23.4 Day 13_final_masked.jpg,1,70,0,520.7005723
366,16c1763a-8e49-436c-865e-be56d8dadf4f___GHLB2 Leaf 9107_final_masked.jpg,1,80,0,565.8132701
367,16e4a1f9-21c2-4c1a-bdbc-1336da74ba2c___GHLB2 Leaf 145.3_final_masked.jpg,1,9934,1492,448.1320307
368,1745208a-82b2-4a82-9791-d812cb016850___GHLB2 Leaf 95_final_masked.jpg,1,15484,400.5,745.754395
369,176dc34e-840a-40ae-889f-4e945d0de77d___GHLB2 Leaf 9000_final_masked.jpg,1,136.5,0,1139.785921
370,178eb3a0-a4c6-4c2b-8bad-e11d66a76f52___RS_Late.B 4886_final_masked.jpg,1,94.5,10.5,608.139171
371,17948fd9-d37a-4324-b0e1-0b03701682f0___GHLB2 Leaf 8746_final_masked.jpg,1,117,0,991.5188947
372,17b9f7ec-5126-4d11-8c1b-a679e0fb9e74___GHLB2 Leaf 114_final_masked.jpg,1,30794,5538,1340.052946
373,17fcb016-4663-4f95-bc0b-b40392235015___GHLB_PS Leaf 35.1 Day 13_final_masked.jpg,1,49,0,382.1909058
374,1847f41b-f412-46a2-90c1-21ba9aac6246___RS_Late.B 6816_final_masked.jpg,1,45153,439.5,1223.609295
375,18568211-18d7-453f-84a4-d22e2088ec33___RS_Late.B 5239_final_masked.jpg,1,10918,127,599.5117544
376,1869d21d-5461-4378-bddb-8de766b836f7___GHLB Leaf 12 Day 6_final_masked.jpg,1,118,0,926.3473217
377,189f8e47-0892-4c82-b0b9-7a51b6c83a04___RS_Late.B 7193_final_masked.jpg,1,173.5,0,891.0996288
378,18ab423e-c11a-4800-a84b-4598f08560d8___RS_Late.B 6571_final_masked.jpg,1,16317,6438.5,665.9137753
379,18cb836c-f351-41e4-933a-fae2feb4b9ad___RS_Late.B 6050_final_masked.jpg,1,18400,1015,811.3523741
380,r (10000).jpg,1,20414.5,14,690.4823169
381,r (10001).jpg,0,19956,0,603.1269784
382,r (10002).jpg,0,25296,0,642.4406867
383,r (10003).jpg,1,81.5,52.5,473.9137753
384,r (10004).jpg,0,131.5,0,1147.643785
385,r (10005).jpg,0,170.5,0,1185.66817
386,r (10006).jpg,0,8,0,388.0243852
387,r (10008).jpg,1,5304,594,290.291411
388,r (2763).jpg,0,130,0,1003.602155
389,r (2764).jpg,1,27492,406,990.3473217
390,r (2765).jpg,0,123.5,0,848.7909728
391,r (2766).jpg,0,24990.5,8,689.7127649
392,r (2767).jpg,0,26832,0,771.8376553
393,r (2768).jpg,0,144,0,495.4356344
394,r (2769).jpg,1,18117,1947,454.4995618
395,r (2770).jpg,0,123,0,519.1513636
396,r (2771).jpg,1,65,0,702.6416972
397,r (2772).jpg,0,122.5,0,1355.643785
398,r (2773).jpg,0,115,0,392.2396762
399,r (2774).jpg,1,13299,1237,391.5462443
400,r (2775).jpg,0,79.5,0,764.6244522
401,r (2776).jpg,1,181,138.5,1634.302727
402,r (2777).jpg,1,32214,655.5,680.7594473
403,r (2778).jpg,1,29400,444,952.4061968
404,r (2779).jpg,1,93.5,18.5,772.7665876
405,r (2780).jpg,1,7680,3648.5,625.4701242
406,r (2781).jpg,0,122,0,798.063051
407,r (2782).jpg,0,102,0,671.0092282
408,r (2783).jpg,0,84,0,707.0681033
409,r (2785).jpg,0,13113.5,0,489.6295046
410,r (2786).jpg,0,189,0,1489.047894
411,r (2787).jpg,0,18683,0,650.6416972
412,r (2788).jpg,0,61.5,0,448.5168067
413,r (2789).jpg,1,24585,136.5,561.2518688
414,r (2790).jpg,0,57.5,0,829.8549002
415,r (2792).jpg,1,24980.5,105,789.7371501
416,r (2793).jpg,1,18300,154,558.6660824
417,r (2794).jpg,0,131.5,0,1421.124014
418,r (2795).jpg,0,10416,3597,831.2102387
419,r (2796).jpg,1,67,0,278.4751766
420,r (2797).jpg,1,30668,384,865.0508584
421,r (2798).jpg,0,12406.5,0,562.8843378
422,r (2799).jpg,1,30130.5,234,877.5361396
423,r (2800).jpg,1,40906,109,1123.920916
424,r (2801).jpg,0,122,0,795.5188947
425,r (2802).jpg,0,17025,0,652.9259679
426,r (2803).jpg,0,20741,0,644.2985513
427,r (2804).jpg,0,20189,0,701.6955199
428,r (2805).jpg,0,29929,0,780.9503531
429,r (2806).jpg,1,24339,462,475.0092282
430,r (2807).jpg,1,41132,2457,720.9675981
431,r (2808).jpg,1,41832,314.5,1539.876321
432,r (2809).jpg,0,29,0,507.1614683
433,r (2810).jpg,1,41040,347.5,1812.954529
434,r (2811).jpg,0,17316,0,692.0386658
435,r (2812).jpg,1,53,26.5,500.1320307
436,r (2813).jpg,0,67,0,549.3279889
437,r (2814).jpg,0,158,0,1069.484405
438,r (2816).jpg,0,21005,0,791.3523741
439,r (2817).jpg,1,43011,8129,1277.283394
440,r (2818).jpg,0,201,0,1331.59205
441,r (2819).jpg,0,13625.5,0,482.5168067
442,r (2820).jpg,1,11684,425.5,368.5756818
443,r (2821).jpg,0,129.5,0,903.5605248
444,r (2822).jpg,1,6405,660,395.4802289
445,r (2823).jpg,1,8742,1970,570.9675981
446,r (2824).jpg,1,313,0,1722.327112
447,r (2825).jpg,1,6405,680,474.2741661
448,r (2826).jpg,0,19874.5,0,559.5117544
449,r (2827).jpg,1,149.5,0,1159.241764
450,r (2828).jpg,0,57,0,407.3036036
451,r (2829).jpg,0,73.5,0,929.9970356
452,r (2830).jpg,0,24100,0,622.5828221
453,r (2831).jpg,0,193,0,1695.047894
454,r (2832).jpg,1,13013,976,667.8376553
455,r (2833).jpg,1,12758,120,656.6416972
456,r (2834).jpg,1,189.5,41.5,1634.462108
457,r (2835).jpg,0,68.5,0,590.4579316
458,r (2836).jpg,1,42904,7003.5,1251.182889
459,r (2837).jpg,0,91,0,865.6366448
460,r (2838).jpg,1,23010,0,734.3229365
461,r (10000).jpg,1,20414.5,14,690.4823169
462,r (10001).jpg,0,19956,0,603.1269784
463,r (10002).jpg,0,25296,0,642.4406867
464,r (10003).jpg,1,81.5,52.5,473.9137753
465,r (10004).jpg,0,131.5,0,1147.643785
466,r (10008).jpg,1,5304,594,290.291411
467,r (1360).jpg,1,11718,535.5,453.84776
468,r (1361).jpg,0,241.5,0,1733.741326
469,r (1363).jpg,0,173.5,0,1417.34941
470,r (1364).jpg,0,96.5,0,850.2224313
471,r (1365).jpg,1,16077,1013,820.1635562
472,r (1366).jpg,0,114.5,80,1133.50165
473,r (1367).jpg,0,23897,0,672.0386658
474,d4547913-b1ce-4620-b078-dbf24ea71764___FREC_C.Rust 4197_final_masked.jpg,1,186,2.956989247,1357.248904
475,9251881a-0cf0-48e1-80c5-562704abb40c___FREC_C.Rust 3681_final_masked.jpg,1,16952,0.08553563,523.1858535
476,42bbd61a-bfa0-4adf-a064-407165f70ecf___FREC_C.Rust 4199_final_masked.jpg,1,23267,0.042979327,614.4406867
477,bc863aa7-2cb6-44f1-b060-4cd78237d7a3___FREC_C.Rust 3566_final_masked.jpg,1,13716,0,483.1025932
478,54f60420-248f-41f6-be1a-a0be7936005f___FREC_C.Rust 3801_final_masked.jpg,1,259,3.861003861,1337.50879
479,cc887bc3-fb12-407d-9a11-d8f829e3d6a0___FREC_C.Rust 0127_final_masked.jpg,1,23479,0.014906938,650.5828221
480,3762c9a3-83db-44b7-88be-07c048ad293b___FREC_C.Rust 9945_final_masked.jpg,1,19041,0,604.984843
481,503fa8ad-36cc-41ea-997c-d61727a7677c___FREC_C.Rust 3842_final_masked.jpg,1,25613,0.181548432,671.1269784
482,1a69060b-e45e-4d95-881c-f6d1960dffcd___FREC_C.Rust 0065_final_masked.jpg,1,15288,0,491.445739
483,edf726ff-0eff-46a5-90d3-23badf249c46___FREC_C.Rust 9972_final_masked.jpg,1,162.5,0,1441.34941
484,78821840-5d27-43ae-b830-c54e9f84432d___FREC_C.Rust 9891_final_masked.jpg,1,9037.5,0.193637621,507.5706295
485,3c412dc8-dbe2-43db-92ba-28ce72f835f6___FREC_C.Rust 9930_final_masked.jpg,1,17661.5,0.022648133,553.9137753
486,e908463e-59ee-4eac-b1c9-4a79850030bc___FREC_C.Rust 9980_final_masked.jpg,1,173,2.601156069,1362.479352
487,9360a196-fc3f-495e-ab9b-1803bcd87921___FREC_C.Rust 3818_final_masked.jpg,1,20217,8.144136123,662.4406867
488,e1140e29-f2c5-43ca-b69c-981f278d0b86___FREC_C.Rust 3569_final_masked.jpg,1,17814.5,0.019646917,568.0559107
489,affae282-693e-4078-b037-de7037ecdcdc___FREC_C.Rust 9909_final_masked.jpg,1,89,20.2247191,835.9797907
490,57a522fe-b1f4-47e0-9b4c-b30635b402f7___FREC_C.Rust 4226_final_masked.jpg,1,139.5,1.075268817,1250.555472
491,0cd24b0c-0a9d-483f-8734-5c08988e029f___FREC_C.Rust 3762_final_masked.jpg,1,164,85.67073171,1207.366655
492,83a6031c-8219-4f22-8476-530c6bb1ee31___FREC_C.Rust 3765_final_masked.jpg,1,22524,0.650417333,666.5828221
493,20ef08f2-96ae-4148-942c-3d7708cd94d8___FREC_C.Rust 9830_final_masked.jpg,1,195,0.256410256,1250.278342
494,7c4829bb-fb00-42fc-b19f-1fc057aa61c3___FREC_C.Rust 9986_final_masked.jpg,1,59,36.44067797,726.6416972
495,30ae56d0-6974-4ad2-b4bf-486a97dcff5f___FREC_C.Rust 4088_final_masked.jpg,1,30439.5,0,707.9970356
496,2a6fe192-977f-482c-8af7-3465448920f4___FREC_C.Rust 9919_final_masked.jpg,1,18941,0.021118209,652.4406867
497,d2465b2c-5b95-4557-b086-211e6e7a73d2___FREC_C.Rust 0045_final_masked.jpg,1,21255,0.1717243,608.984843
498,3ef85bf3-728f-46d7-95cc-a5bddf34db98___FREC_C.Rust 3885_final_masked.jpg,1,125.5,7.171314741,1262.815358
499,fb27b16c-4ac1-45e9-abd2-487a1a528fb0___FREC_C.Rust 0206_final_masked.jpg,1,16750.5,0,568.1980461
500,23f6e0fa-3860-48a5-a3f4-4e64b54a3046___FREC_C.Rust 4336_final_masked.jpg,1,189,0,1208.964634
501,b884b0a2-44bb-4bf5-b335-946b1757c822___FREC_C.Rust 3955_final_masked.jpg,1,22007,0.043168083,600.4406867
502,9ebff92f-999c-49d0-9235-6c98aaa63bbd___FREC_C.Rust 4206_final_masked.jpg,1,134.5,11.89591078,1225.869181
503,bee59bef-1155-40bd-97a3-8c600c33e6b5___FREC_C.Rust 0082_final_masked.jpg,1,14759,0,528.984843
504,91c6f875-414d-4449-937c-488718a84921___FREC_C.Rust 3756_final_masked.jpg,1,26926,0.577508728,722.7249575
505,e15e3b48-edda-485d-b5a0-0d876f441b73___FREC_C.Rust 3692_final_masked.jpg,1,23825.5,0.098633817,634.3401815
506,3fe25d8e-4497-49bd-b4e0-9c7dd3c3c6cd___FREC_C.Rust 9960_final_masked.jpg,1,21342.5,0.152278318,634.3401815
507,bd0ead39-9628-46b3-9feb-c3496af0ae8b___FREC_C.Rust 0015_final_masked.jpg,1,18587.5,0.037659718,598.600067
508,025b2b9a-0ec4-4132-96ac-7f2832d0db4a___FREC_C.Rust 3655_final_masked.jpg,1,38194,0.439859664,1381.207274
509,fec27618-f75c-4a6e-b2e7-d290fcb5b9bd___FREC_C.Rust 3550_final_masked.jpg,1,70,50,743.2691138
510,fdaecc2c-c48c-447d-9cdc-5d52efdc979a___FREC_C.Rust 3858_final_masked.jpg,1,25164.5,0.011921556,665.3107439
511,92f2fe26-624c-4620-8210-0e2ff92e594d___FREC_C.Rust 4354_final_masked.jpg,1,18650.5,0.024128039,642.8843378
512,b83383d6-f476-412f-b8b8-6965a795ef7b___FREC_C.Rust 3541_final_masked.jpg,1,201.5,9.181141439,1220.035701
513,3ea747af-ed9d-44f1-a8b6-61503adf0a4b___FREC_C.Rust 4174_final_masked.jpg,1,17358,0,632.9259679
514,04da297e-5238-41b1-a8a0-0c87c6c2f21f___FREC_C.Rust 4394_final_masked.jpg,1,15228,0,532.4995618
515,daf0438c-72e3-49af-b23a-50b0d136b18c___FREC_C.Rust 0182_final_masked.jpg,1,19892.5,1.545808722,632.4823169
516,db3ca396-a1ed-416d-902e-9265335cf132___FREC_C.Rust 3711_final_masked.jpg,1,74.5,16.10738255,712.4823169
517,5367e167-14f3-4d65-bd93-4c4b693e0bc7___FREC_C.Rust 4109_final_masked.jpg,1,26138.5,0.045909291,651.8549002
518,fc170fda-2b0d-4b02-a569-fbe37a23264d___FREC_C.Rust 3704_final_masked.jpg,1,155,10.96774194,933.7442904
519,69ceb6f0-6e63-4676-90a6-288ae97b0c2f___FREC_C.Rust 0107_final_masked.jpg,1,136,0,935.9453008
520,a3bfb6c7-1f1e-407a-a2cf-40b316896185___FREC_C.Rust 9819_final_masked.jpg,1,118,0,1163.74429
521,94d6b99f-2ac4-4a88-823f-3c607358d057___FREC_C.Rust 9826_final_masked.jpg,1,137.5,2.909090909,1075.442775
522,3590e70d-8ab1-453d-ae81-0f77bdda3f60___FREC_C.Rust 3824_final_masked.jpg,1,175.5,11.3960114,1301.408285
523,aa87fd23-a302-4e4e-80e7-18a261b17fd5___FREC_C.Rust 9989_final_masked.jpg,1,162,1.851851852,1316.195082
524,46aef257-999e-4158-9107-c5f5c7c8016a___FREC_C.Rust 4147_final_masked.jpg,1,22899.5,11.36269351,693.369619
525,1a67f47d-d35d-4c47-a336-af8ec6141113___FREC_C.Rust 4404_final_masked.jpg,1,23416.5,0,654.908723
526,fb11d069-d664-4666-ab51-3a7a4284e495___FREC_C.Rust 3791_final_masked.jpg,1,142,5.281690141,1164.714853
527,8306d4f0-6a4f-4f02-86ca-72b1a950f420___FREC_C.Rust 0175_final_masked.jpg,1,119.5,3.347280335,1124.187941
528,c1d81b03-9e29-4f99-813b-1a9578defbc8___FREC_C.Rust 3942_final_masked.jpg,1,15710,0.251432209,566.0142806
529,dee4cbf1-9bdd-451a-b1bb-21756fd981e9___FREC_C.Rust 3727_final_masked.jpg,1,146.5,93.17406143,1231.325024
530,af89cf7a-446b-4a39-b454-99a611c10ed2___FREC_C.Rust 3862_final_masked.jpg,1,151.5,0.330033003,1306.011316
531,688b1671-7399-46a1-b93e-53b11cf210f7___RS_HL 7842_final_masked.jpg,0,29684,0.550801779,755.2346239
532,0872ffc6-d9db-4ba7-a2bf-1fb0f537cafb___RS_HL 6129_final_masked.jpg,0,46.5,0,393.7472547
533,5fc76906-09db-4c86-a95e-f3c8d70c29c6___RS_HL 7414_final_masked.jpg,0,153,0,1030.856988
534,53ad510e-0bf0-4366-928b-8d80f1a51b50___RS_HL 5873_final_masked.jpg,0,101.5,0,964.7909728
535,32073031-1afb-4a9e-ad8b-2d19ef6bb00a___RS_HL 7362_final_masked.jpg,0,55.5,0,766.2569212
536,950e5c9d-49ec-4c5c-af23-69efff18f8a6___RS_HL 5749_final_masked.jpg,0,93,0,921.293499
537,1c2b51f1-5439-449a-9ca0-52dd158018fc___RS_HL 7998_final_masked.jpg,0,33110,0.718816068,1334.989019
538,84d6003b-3195-49cb-9831-861d9dc5b2cd___RS_HL 8041_final_masked.jpg,0,28710,3.389063044,1311.834691
539,1b22388a-cf05-4795-892f-a5b6f35304d5___RS_HL 8141_final_masked.jpg,0,216.5,62.81755196,1541.030649
540,47c52b97-c8c7-41da-8bff-608d8db48408___RS_HL 6243_final_masked.jpg,0,102,0,692.6660824
541,49d18ffd-bfd4-435d-bffb-fe66ec0e3af6___RS_HL 5647_final_masked.jpg,0,54,0,463.445739
542,8516ac47-c297-4943-9ac1-a10f26e9101c___RS_HL 6094_final_masked.jpg,0,169,0,1072.111821
543,022b515d-41fd-448e-abac-e8722c32d864___RS_HL 8131_final_masked.jpg,0,164.5,0,1591.491545
544,11636fd2-75f3-40e5-99c4-777589bfc392___RS_HL 8203_final_masked.jpg,0,114.5,0,1014.045806
545,857365c4-b60a-465e-8a86-101530c9e83d___RS_HL 5894_final_masked.jpg,0,115,0,979.6610301
546,89699048-94c3-4389-9a86-13e73dfd23c6___RS_HL 7257_final_masked.jpg,0,132.5,0,1292.898618
547,194c4f91-31be-425f-8ac9-698202cf507d___RS_HL 7470_final_masked.jpg,0,80,0,483.6711347
548,3a1ca70b-00f0-4a0b-a973-8db1da714e6c___RS_HL 7759_final_masked.jpg,0,111.5,0,957.2762541
549,2301f2bb-7972-4fb8-8be6-246ce55ca3b6___RS_HL 6100_final_masked.jpg,0,13526.5,0,572.1980461
550,6437e60f-2ce4-447d-be7f-b2fb181eef42___RS_HL 5992_final_masked.jpg,0,57.5,0,596.1147858
551,0b91573d-d0f3-4e57-b7e5-e1924f537f0e___RS_HL 6216_final_masked.jpg,0,162,0,1283.910811
552,35acdaad-cf75-4ea6-ae8b-02f5a6e7caeb___RS_HL 7620_final_masked.jpg,0,159,0,1172.253957
553,1a593b62-fe23-462c-bf68-50f53f357609___RS_HL 6322_final_masked.jpg,0,101.5,0,921.678275
554,8b36cf3e-4ce6-477b-9773-442f5d3c90e1___RS_HL 7931_final_masked.jpg,0,1488,87.4327957,921.4011445
555,3ecfd9ce-30c4-4453-9d90-75854c7f82b7___RS_HL 5950_final_masked.jpg,0,120,0,1123.116874
556,359c0812-8e11-45cf-98f7-95840b503b01___RS_HL 5650_final_masked.jpg,0,43.5,0,436.4335464
557,6b11324f-6b70-40d7-9cd2-f7d36b0c69cd___RS_HL 7431_final_masked.jpg,0,116,0,931.5188947
558,16590622-481b-4f63-ac18-7f590f6af49a___RS_HL 7846_final_masked.jpg,0,108.5,0,682.908723
559,688b1671-7399-46a1-b93e-53b11cf210f7___RS_HL 7842_final_masked.jpg,0,29684,0.550801779,755.2346239
560,0872ffc6-d9db-4ba7-a2bf-1fb0f537cafb___RS_HL 6129_final_masked.jpg,0,46.5,0,393.7472547
561,5fc76906-09db-4c86-a95e-f3c8d70c29c6___RS_HL 7414_final_masked.jpg,0,153,0,1030.856988
562,53ad510e-0bf0-4366-928b-8d80f1a51b50___RS_HL 5873_final_masked.jpg,0,101.5,0,964.7909728
563,32073031-1afb-4a9e-ad8b-2d19ef6bb00a___RS_HL 7362_final_masked.jpg,0,55.5,0,766.2569212
564,950e5c9d-49ec-4c5c-af23-69efff18f8a6___RS_HL 5749_final_masked.jpg,0,93,0,921.293499
565,1c2b51f1-5439-449a-9ca0-52dd158018fc___RS_HL 7998_final_masked.jpg,0,33110,0.718816068,1334.989019
566,84d6003b-3195-49cb-9831-861d9dc5b2cd___RS_HL 8041_final_masked.jpg,0,28710,3.389063044,1311.834691
567,1b22388a-cf05-4795-892f-a5b6f35304d5___RS_HL 8141_final_masked.jpg,0,216.5,62.81755196,1541.030649
568,47c52b97-c8c7-41da-8bff-608d8db48408___RS_HL 6243_final_masked.jpg,0,102,0,692.6660824
569,49d18ffd-bfd4-435d-bffb-fe66ec0e3af6___RS_HL 5647_final_masked.jpg,0,54,0,463.445739
570,8516ac47-c297-4943-9ac1-a10f26e9101c___RS_HL 6094_final_masked.jpg,0,169,0,1072.111821
571,022b515d-41fd-448e-abac-e8722c32d864___RS_HL 8131_final_masked.jpg,0,164.5,0,1591.491545
572,11636fd2-75f3-40e5-99c4-777589bfc392___RS_HL 8203_final_masked.jpg,0,114.5,0,1014.045806
573,857365c4-b60a-465e-8a86-101530c9e83d___RS_HL 5894_final_masked.jpg,0,115,0,979.6610301
574,89699048-94c3-4389-9a86-13e73dfd23c6___RS_HL 7257_final_masked.jpg,0,132.5,0,1292.898618
575,194c4f91-31be-425f-8ac9-698202cf507d___RS_HL 7470_final_masked.jpg,0,80,0,483.6711347
576,3a1ca70b-00f0-4a0b-a973-8db1da714e6c___RS_HL 7759_final_masked.jpg,0,111.5,0,957.2762541
577,2301f2bb-7972-4fb8-8be6-246ce55ca3b6___RS_HL 6100_final_masked.jpg,0,13526.5,0,572.1980461
578,6437e60f-2ce4-447d-be7f-b2fb181eef42___RS_HL 5992_final_masked.jpg,0,57.5,0,596.1147858
579,0b91573d-d0f3-4e57-b7e5-e1924f537f0e___RS_HL 6216_final_masked.jpg,0,162,0,1283.910811
580,35acdaad-cf75-4ea6-ae8b-02f5a6e7caeb___RS_HL 7620_final_masked.jpg,0,159,0,1172.253957
581,1a593b62-fe23-462c-bf68-50f53f357609___RS_HL 6322_final_masked.jpg,0,101.5,0,921.678275
582,8b36cf3e-4ce6-477b-9773-442f5d3c90e1___RS_HL 7931_final_masked.jpg,0,1488,87.4327957,921.4011445
583,3ecfd9ce-30c4-4453-9d90-75854c7f82b7___RS_HL 5950_final_masked.jpg,0,120,0,1123.116874
584,359c0812-8e11-45cf-98f7-95840b503b01___RS_HL 5650_final_masked.jpg,0,43.5,0,436.4335464
585,6b11324f-6b70-40d7-9cd2-f7d36b0c69cd___RS_HL 7431_final_masked.jpg,0,116,0,931.5188947
586,16590622-481b-4f63-ac18-7f590f6af49a___RS_HL 7846_final_masked.jpg,0,108.5,0,682.908723
587,42777529-bf54-4134-9bd6-34fbd135575d___RS_HL 8045_final_masked.jpg,0,141.5,0.35335689,1201.928056
